,tweet_id,Final_Class,Class,Irony
0,1462002288835403777,pos,pos,no
1,1354381987507744771,neg_ir,neg,yes
2,1454050817821003783,neg_ir,neg,yes
3,1393675898960982016,neut,neut,no
4,1417876270705164289,neut,neut,no
5,1365540244909682691,neut,neut,no
6,1417124838326603779,neut,neut,no
7,1392351773986377729,neg,neg,no
8,1407018572673654785,neg_ir,neg,yes
9,1417835634731986947,neut,neut,no
10,1416135641499328515,neg_ir,neg,yes
11,1404846756546949121,neg,neg,no
12,1420705440372043777,neg,neg,no
13,1389881970667233280,neut,neut,no
14,1346857619919659008,neg,neg,no
15,1445679742095540228,neut,neut,no
16,1345393150538473473,neut,neut,no
17,1405607000583573505,neg_ir,neg,yes
18,1368080403823788032,neut,neut,no
19,1405171335786020871,neg_ir,neg,yes
20,1349079690070413314,neg_ir,neg,yes
21,1365395868044701709,neg_ir,neg,yes
22,1407023694225027077,neut,neut,no
23,1458085850101731328,neut,neut,no
24,1389163668181499908,neg_ir,neg,yes
25,1389562719980904451,neg,neg,no
26,1446749407915958273,neut,neut,no
27,1416109147481849859,neg,neg,no
28,1474033532611739649,neut,neut,no
29,1381637548297093122,neg,neg,no
30,1415603723146076160,pos,pos,no
31,1376456485543276544,neg,neg,no
32,1352591183416074241,neg,neg,no
33,1394978468937486337,neg,neg,no
34,1362859747037306883,neg,neg,no
35,1456253520676491273,neut,neut,no
36,1468573810773446665,neut,neut,no
37,1362040518641938435,neg_ir,neg,yes
38,1469649743487946759,pos_ir,pos,yes
39,1428592514118914048,neg_ir,neg,yes
40,1358674161707737088,misto,mix,no
41,1393247609238794240,neg_ir,neg,yes
42,1383107677979602951,neut,neut,no
43,1453128448579457024,neg,neg,no
44,1405804128664686592,pos,pos,no
45,1387027509913456641,pos,pos,no
46,1382771297021755392,neg,neg,no
47,1435899832456073218,neut,neut,no
48,1458033704484446210,neg,neg,no
49,1459079038501371924,neut,neut,no
50,1422210141546500096,neut,neut,no
51,1391473157379330048,neg,neg,no
52,1407636265927954433,misto,mix,no
53,1409874381732519943,neg,neg,no
54,1411802619287384071,pos_ir,pos,yes
55,1411032512969809921,neut,neut,no
56,1413544546194104320,neut,neut,no
57,1395510684608339971,neut,neut,no
58,1367103460668227589,neut,neut,no
59,1370368653884014595,neg_ir,neg,yes
60,1446556866356580352,pos,pos,no
61,1346422293099065346,neg_ir,neg,yes
62,1394612037242834947,neg_ir,neg,yes
63,1349338952390635523,neut,neut,no
64,1417860653780553733,neg,neg,no
65,1393934474149351427,neg,neg,no
66,1429719488384094209,neg_ir,neg,yes
67,1451161960314245130,neg,neg,no
68,1422868661455491074,neg_ir,neg,yes
69,1395849950655885319,neut,neut,no
70,1425902761728778242,neg_ir,neg,yes
71,1453544749625925636,neg_ir,neg,yes
72,1353092266626314243,neg,neg,no
73,1434406124975951873,pos_ir,pos,yes
74,1371738142550671362,neg,neg,no
75,1387796620452978689,neg,neg,no
76,1407969758276993026,misto,mix,no
77,1459412537250926592,neg_ir,neg,yes
78,1346761028202328064,neut,neut,no
79,1451114241365319686,neg,neg,no
80,1373541495291133953,neut,neut,no
81,1396468795678629890,neut,neut,no
82,1451660680092868613,neg_ir,neg,yes
83,1461695793459572739,neut,neut,no
84,1390995279164358656,neg,neg,no
85,1368997298173325316,neg_ir,neg,yes
86,1429922173750235139,neut,neut,no
87,1346096073992003585,neg_ir,neg,yes
88,1379324894257803266,neut,neut,no
89,1436707261959843844,neg_ir,neg,yes
90,1408349022125969408,neut,neut,no
91,1397170352078344194,neut,neut,no
92,1445741498331328517,neg_ir,neg,yes
93,1445759703091331073,neg,neg,no
94,1360203375535681541,neg,neg,no
95,1454065792534913027,neg,neg,no
96,1367108233819750403,neg_ir,neg,yes
97,1397805412498427906,neg,neg,no
98,1393211708911595522,neg_ir,neg,yes
99,1375925359833706505,neg,neg,no
100,1382997197931745283,neut,neut,no
101,1346889276039045121,neg,neg,no
102,1423187697263390721,neut,neut,no
103,1436373906789740546,neut,neut,no
104,1439138358412840962,neut,neut,no
105,1427299458375725061,neg_ir,neg,yes
106,1384407170427637761,neg_ir,neg,yes
107,1420421289504772101,neut,neut,no
108,1347595815112597505,pos,pos,no
109,1376497295261306882,neg,neg,no
110,1397578940940791809,neut,neut,no
111,1389325212479541256,pos,pos,no
112,1446385537284255757,misto,mix,no
113,1405181330971889666,pos,pos,no
114,1381481981553303553,neut,neut,no
115,1422807369692614658,neg,neg,no
116,1412365717341716481,neut,neut,no
117,1446757879890030593,neut,neut,no
118,1365205555191697411,neut,neut,no
119,1354363613079859201,neut,neut,no
120,1395716044916940806,neut,neut,no
121,1425485074712178691,neg_ir,neg,yes
122,1441085637935833092,neg_ir,neg,yes
123,1407354204637777938,neg_ir,neg,yes
124,1444667612340920322,neg_ir,neg,yes
125,1416377007286403074,neg_ir,neg,yes
126,1394358474822258690,neg_ir,neg,yes
127,1364628657680093184,neut,neut,no
128,1377912536444600321,neg,neg,no
129,1375153411432255491,neg_ir,neg,yes
130,1380922007521484802,neg_ir,neg,yes
131,1444246495470002179,neg_ir,neg,yes
132,1353757996204093441,neg_ir,neg,yes
133,1384413317641424897,neut,neut,no
134,1360675475203502081,pos,pos,no
135,1407287710012878852,neg_ir,neg,yes
136,1460166392867700742,neut,neut,no
137,1408046966471266307,neut,neut,no
138,1404706862302384128,neut,neut,no
139,1423276342829719559,neut,neut,no
140,1376474574724939776,pos,pos,no
141,1345763246201069570,neut,neut,no
142,1353645614622519296,pos,pos,no
143,1394661669473857536,pos_ir,pos,yes
144,1396776470127824901,pos,pos,no
145,1454152872497750022,neut,neut,no
146,1442394228563210241,neut,neut,no
147,1465239742598033409,neut,neut,no
148,1451911403942649869,neg_ir,neg,yes
149,1437376097394495488,neg,neg,no
150,1422954373148184578,neut,neut,no
151,1446555134750822435,neut,neut,no
152,1346087336191418375,neg,neg,no
153,1405396988884045827,neut,neut,no
154,1445148904278921220,neg_ir,neg,yes
155,1397451188136726528,neg_ir,neg,yes
156,1460564338616549378,neut,neut,no
157,1394204765408616450,neg,neg,no
158,1424681782625148928,neg,neg,no
159,1434331185535242242,neut,neut,no
160,1408026729378201600,pos,pos,no
161,1428295912930037761,neut,neut,no
162,1370058549276114944,neut,neut,no
163,1369356666165211142,neg,neg,no
164,1469933411926265860,neut,neut,no
165,1459408949250347014,neut,neut,no
166,1379462730546040832,neut,neut,no
167,1395327095040000001,neut,neut,no
168,1366686312074518531,neut,neut,no
169,1468588184263081985,neut,neut,no
170,1379057541741694978,neut,neut,no
171,1396508346694393856,neg,neg,no
172,1350725013524140032,neut,neut,no
173,1415366734631030784,neg,neg,no
174,1413829320729108480,neg_ir,neg,yes
175,1463065389668122625,neut,neut,no
176,1423187724970848259,neut,neut,no
177,1397940837951156232,neut,neut,no
178,1397151125032296448,neg_ir,neg,yes
179,1445302361778438147,neut,neut,no
180,1452378223489306625,neg,neg,no
181,1432247306712195072,neut,neut,no
182,1391383500952068102,neg_ir,neg,yes
183,1393117537232109570,neg_ir,neg,yes
184,1427204098546454530,neut,neut,no
185,1410548544755355654,pos_ir,pos,yes
186,1394956770888593411,neut,neut,no
187,1429722914341982212,neg,neg,no
188,1374345191260364806,neut,neut,no
189,1398926828472045570,neg_ir,neg,yes
190,1442796221232463874,neg,neg,no
191,1441316485486444549,neg_ir,neg,yes
192,1446076192503836675,neut,neut,no
193,1407556500097273859,neg_ir,neg,yes
194,1458760735685812226,neut,neut,no
195,1375391730598608897,neg,neg,no
196,1433040371097931777,pos,pos,no
197,1381318015459987456,neg,neg,no
198,1461307031667814400,neg,neg,no
199,1405184402112618496,neg_ir,neg,yes
200,1445500690818760712,neut,neut,no
201,1463546905850490885,pos,pos,no
202,1453628203457777666,neut,neut,no
203,1447165624845848577,neut,neut,no
204,1368120776482766849,neut,neut,no
205,1417508134449451009,neut,neut,no
206,1357981824425873408,neg,neg,no
207,1380080255508041729,neg,neg,no
208,1360249808120778754,neut,neut,no
209,1438981824332587016,neg_ir,neg,yes
210,1396828074738700289,neg,neg,no
211,1449856366005399554,neut,neut,no
212,1404344560822726656,neut,neut,no
213,1374364971803545601,neut,neut,no
214,1352516942280728577,neg,neg,no
215,1393628698662817792,neg_ir,neg,yes
216,1348642068424519687,neut,neut,no
217,1349127785890131968,neut,neut,no
218,1377972671359647744,neg,neg,no
219,1408024602769514496,neg,neg,no
220,1414899721072742403,neut,neut,no
221,1466726683894026240,pos,pos,no
222,1409712819663081472,neg,neg,no
223,1406944343634726917,neut,neut,no
224,1409789192528334848,neut,neut,no
225,1346421062809104385,pos_ir,pos,yes
226,1451842129655963648,neut,neut,no
227,1391787100429750272,pos_ir,pos,yes
228,1389832061612081152,neut,neut,no
229,1408023917214773252,pos,pos,no
230,1395656006567403520,neut,neut,no
231,1439951906089148417,neut,neut,no
232,1419206389927497733,neut,neut,no
233,1463246536880668678,pos_ir,pos,yes
234,1460517932564459522,neg,neg,no
235,1394662144575164418,pos,pos,no
236,1474345220720443394,neg,neg,no
237,1354884323464327169,neut,neut,no
238,1424600083446829057,neut,neut,no
239,1379055636508463105,neut,neut,no
240,1393154947873656832,pos_ir,pos,yes
241,1452488256365502468,neut,neut,no
242,1461725604122963973,neut,neut,no
243,1424048593523167239,neut,neut,no
244,1374583373096751104,neut,neut,no
245,1455864287302459395,neut,neut,no
246,1386933249633619971,neg_ir,neg,yes
247,1395325468371476484,neut,neut,no
248,1438961782178078726,neg_ir,neg,yes
249,1402895863182147584,neut,neut,no
250,1366351336757985281,neut,neut,no
251,1375743145871310849,neg_ir,neg,yes
252,1428020713668190212,neut,neut,no
253,1444940216092008452,neut,neut,no
254,1377961742794436608,neg_ir,neg,yes
255,1379138660587687945,neut,neut,no
256,1458155615579148290,neg_ir,neg,yes
257,1379409391397564420,neut,neut,no
258,1407395832836591620,neut,neut,no
259,1387300986201456640,neut,neut,no
260,1377893851340365824,misto,mix,no
261,1392776517021806592,neut,neut,no
262,1433498952020766734,neut,neut,no
263,1391790226645962752,neg_ir,neg,yes
264,1393848836339142660,neg_ir,neg,yes
265,1437377138278256643,neg,neg,no
266,1459503722384535556,neg_ir,neg,yes
267,1385176851962793984,neut,neut,no
268,1468626677861343236,neut,neut,no
269,1390681616004128773,neut,neut,no
270,1416156389542608898,neg_ir,neg,yes
271,1402200274656169988,neut,neut,no
272,1354360601536049154,neg_ir,neg,yes
273,1475207374814253064,neut,neut,no
274,1353392215863783424,neg,neg,no
275,1410510999602466816,neut,neut,no
276,1460214235779194887,neg_ir,neg,yes
277,1353608875103166476,neg_ir,neg,yes
278,1397464930329239552,neut,neut,no
279,1446196264882872322,neut,neut,no
280,1430238752333570051,neut,neut,no
281,1385318176209113090,neg_ir,neg,yes
282,1358933934638329856,pos,pos,no
283,1356180273050869761,neut,neut,no
284,1380826394091982852,neg,neg,no
285,1472619166276501506,neut,neut,no
286,1472590108968857607,neg,neg,no
287,1375749438103240706,neut,neut,no
288,1380537624771842050,neg_ir,neg,yes
289,1358450652804956163,neut,neut,no
290,1458066437348761607,neut,neut,no
291,1409927220819378182,neut,neut,no
292,1458386680172449793,neg_ir,neg,yes
293,1442815252660371457,neg_ir,neg,yes
294,1409955868511248387,neg,neg,no
295,1354004699809243136,neg_ir,neg,yes
296,1414993849894809600,neut,neut,no
297,1380414949554597888,neg_ir,neg,yes
298,1412500760131145736,neg,neg,no
299,1372107523558420480,neg,neg,no
300,1346899571524427777,neg,neg,no
301,1403214365369769986,neg,neg,no
302,1369974550985904129,neut,neut,no
303,1424855315992940544,neut,neut,no
304,1451631513565548549,neg,neg,no
305,1405102602187051008,neut,neut,no
306,1356988183804837888,neg_ir,neg,yes
307,1445048947874091009,neg,neg,no
308,1446393990069243905,pos,pos,no
309,1430878581794775043,neut,neut,no
310,1445429827838820361,neut,neut,no
311,1446776899867484161,neg,neg,no
312,1386639896677335041,neut,neut,no
313,1396472569507758083,neut,neut,no
314,1346092641130315782,neut,neut,no
315,1376809676369707009,neg,neg,no
316,1470467446637223936,neut,neut,no
317,1402926649100935170,neut,neut,no
318,1351179657148825601,neg_ir,neg,yes
319,1402233998642909190,neg,neg,no
320,1416677778787815425,neg_ir,neg,yes
321,1396507513089150978,neg,neg,no
322,1462797028405268484,neg_ir,neg,yes
323,1407445298402713606,neut,neut,no
324,1453282029815177219,neg_ir,neg,yes
325,1448514081728745474,neg,neg,no
326,1435871366465654786,neut,neut,no
327,1443886042633981955,neut,neut,no
328,1443882645285478401,pos_ir,pos,yes
329,1453332539108741122,neut,neut,no
330,1397189742542864386,pos_ir,pos,yes
331,1385885019940528130,neg,neg,no
332,1398293407546630156,neut,neut,no
333,1420045964199571460,neg,neg,no
334,1424685124206174212,pos_ir,pos,yes
335,1407294832448610304,neg_ir,neg,yes
336,1351167772169003010,neut,neut,no
337,1404326155419783168,neut,neut,no
338,1422249999715520516,neg,neg,no
339,1417171646125854724,neg_ir,neg,yes
340,1348317479995658242,neg_ir,neg,yes
341,1444969268395839490,neg,neg,no
342,1416303345497776128,neut,neut,no
343,1368241243612971011,pos,pos,no
344,1383032430362292228,pos_ir,pos,yes
345,1467090723828813828,neut,neut,no
346,1345652722687741952,neut,neut,no
347,1442508188750958598,neut,neut,no
348,1431969569959301120,neg_ir,neg,yes
349,1385214513197240326,neg_ir,neg,yes
350,1363772086792167425,neut,neut,no
351,1476203466385149960,neg_ir,neg,yes
352,1389901254155980800,neg_ir,neg,yes
353,1391351888130592768,neut,neut,no
354,1453960488090365952,neut,neut,no
355,1387026170361925634,neg,neg,no
356,1386921753155448833,neg_ir,neg,yes
357,1405185331511631879,pos,pos,no
358,1365571987893067776,neut,neut,no
359,1473060925666115590,neut,neut,no
360,1349078634586320897,pos_ir,pos,yes
361,1407707442075607045,neut,neut,no
362,1427174034932895745,neut,neut,no
363,1472990188116721667,neut,neut,no
364,1422844928401551365,neut,neut,no
365,1410690268936949768,neut,neut,no
366,1369344018010759173,pos_ir,pos,yes
367,1364130361937117184,neg,neg,no
368,1407021688949297154,neg_ir,neg,yes
369,1379776300689276930,neg,neg,no
370,1409437109140791298,pos,pos,no
371,1435204525514792962,neut,neut,no
372,1396507550670012417,neg,neg,no
373,1382730091382312965,neg,neg,no
374,1408355424529682433,neut,neut,no
375,1352254623906611207,neut,neut,no
376,1475453262946091014,neg_ir,neg,yes
377,1469603548430282754,neut,neut,no
378,1458435361441464328,neut,neut,no
379,1353379523946041347,neg_ir,neg,yes
380,1380126965387177985,neg_ir,neg,yes
381,1406955225567666181,neg_ir,neg,yes
382,1466405410215284749,neut,neut,no
383,1390412231574163456,neg_ir,neg,yes
384,1394929706328281090,neg_ir,neg,yes
385,1404706067834191876,neg,neg,no
386,1461710373728497668,neg_ir,neg,yes
387,1401807872778981378,neut,neut,no
388,1429777843488231430,neg,neg,no
389,1398187607981441025,neg,neg,no
390,1408488876331634691,neut,neut,no
391,1405073816536092673,neut,neut,no
392,1407780338517094401,neg_ir,neg,yes
393,1352526623938125827,neg,neg,no
394,1407387582762205194,neg_ir,neg,yes
395,1381967331841085462,pos,pos,no
396,1426841704896794625,neut,neut,no
397,1470874164496109570,neg,neg,no
398,1375096714055577600,neg_ir,neg,yes
399,1395415177235939343,pos,pos,no
400,1379007631348600832,neut,neut,no
401,1397169153740578819,neut,neut,no
402,1389685036421615619,neg,neg,no
403,1409452916092645377,neut,neut,no
404,1407576724070621187,neg_ir,neg,yes
405,1372987508326346757,neg_ir,neg,yes
406,1367108894179401729,neg_ir,neg,yes
407,1442434139454590977,neut,neut,no
408,1376458588626030593,neg,neg,no
409,1375186499986194443,neut,neut,no
410,1380491100322992129,misto,mix,no
411,1421063018092253184,neut,neut,no
412,1379512320402022426,neg,neg,no
413,1377535671091523584,neg,neg,no
414,1471037946178506756,neut,neut,no
415,1369707448076996608,neut,neut,no
416,1349079935290400774,neg_ir,neg,yes
417,1428763236124479494,neut,neut,no
418,1408392752258240514,misto,mix,no
419,1416382413723291650,neg,neg,no
420,1357023269287825411,neg_ir,neg,yes
421,1406952033517715459,neg,neg,no
422,1472830605826142209,neg_ir,neg,yes
423,1377681521868439552,neg,neg,no
424,1397840000197095429,neut,neut,no
425,1376635986210344967,neg_ir,neg,yes
426,1463050726482010113,neut,neut,no
427,1424390715770015750,neut,neut,no
428,1394617962762489858,neg_ir,neg,yes
429,1381187835462565891,neut,neut,no
430,1362055287956463616,neut,neut,no
431,1432194711389868041,neg,neg,no
432,1404045808207605760,neg_ir,neg,yes
433,1460282629148889103,neut,neut,no
434,1433089768225533952,neut,neut,no
435,1466091383106777092,neut,neut,no
436,1357005559556419587,neg_ir,neg,yes
437,1377907330562584578,neg,neg,no
438,1457634694619664388,neut,neut,no
439,1462318074762309633,neg,neg,no
440,1353821939534614528,neg,neg,no
441,1349078651019653128,neg_ir,neg,yes
442,1387504904323878921,neut,neut,no
443,1424068598344073232,pos,pos,no
444,1347495930531106816,neg,neg,no
445,1416375260480409607,neg_ir,neg,yes
446,1398731184683864065,neut,neut,no
447,1411010935905529856,pos,pos,no
448,1439940207088967691,neut,neut,no
449,1464532494561251328,neut,neut,no
450,1437410106682060800,neut,neut,no
451,1402894898752262144,neut,neut,no
452,1379361296236285954,neg,neg,no
453,1367070526439587843,neg,neg,no
454,1392100575660191748,neg_ir,neg,yes
455,1462741273165582337,neut,neut,no
456,1441734207781359622,neg,neg,no
457,1452541094038810633,neut,neut,no
458,1393211399145508866,neg_ir,neg,yes
459,1403619800304304133,neut,neut,no
460,1427174017618923525,neut,neut,no
461,1475793272383672322,neut,neut,no
462,1422621241337389062,neg_ir,neg,yes
463,1366731156310417409,neg_ir,neg,yes
464,1408047283971756036,neg,neg,no
465,1381509190141755394,neut,neut,no
466,1367112004608159746,neg_ir,neg,yes
467,1346375395214557185,neg_ir,neg,yes
468,1367098082685509635,neg_ir,neg,yes
469,1453960453181231105,neut,neut,no
470,1430284668977487881,neut,neut,no
471,1419378178921992194,neg,neg,no
472,1397459114045886464,neut,neut,no
473,1406146815569891329,neut,neut,no
474,1398011688486584332,neg,neg,no
475,1435943871511412737,neut,neut,no
476,1407329729519271947,neut,neut,no
477,1458354370756612096,neut,neut,no
478,1459620258076147712,neg_ir,neg,yes
479,1394518116592463875,neut,neut,no
480,1416303336802881539,neut,neut,no
481,1375788971138113538,neg,neg,no
482,1382919706126979072,neg,neg,no
483,1382796157756317698,neg_ir,neg,yes
484,1412373500233498624,neut,neut,no
485,1352684880384184327,neg_ir,neg,yes
486,1361667820426317827,neg_ir,neg,yes
487,1385256657702330368,pos,pos,no
488,1395606446381932545,neg_ir,neg,yes
489,1346922456003473409,neg_ir,neg,yes
490,1450139816591601669,neg_ir,neg,yes
491,1394358959235117060,neg_ir,neg,yes
492,1400348646831448064,neut,neut,no
493,1464877365914386435,neut,neut,no
494,1426662440100638724,neg_ir,neg,yes
495,1434800999697375236,neg_ir,neg,yes
496,1439495155694854153,neut,neut,no
497,1375417567158939649,neg_ir,neg,yes
498,1407807738281869312,neg_ir,neg,yes
499,1384482117690658819,neut,neut,no
500,1369687407558336519,neg,neg,no
501,1397644592057618448,neut,neut,no
502,1457006277142450177,neg_ir,neg,yes
503,1408344150278299649,neg_ir,neg,yes
504,1427224106118881281,neg,neg,no
505,1392046835733340160,neg,neg,no
506,1360335896093089801,neut,neut,no
507,1470694755424210947,neg_ir,neg,yes
508,1398594607135526914,neg,neg,no
509,1398352624202756099,neg,neg,no
510,1430097009961209857,neg,neg,no
511,1418135265475014658,neut,neut,no
512,1405806625294897152,neg,neg,no
513,1422933613771898887,neut,neut,no
514,1385891575134363648,neut,neut,no
515,1353398216247668739,neut,neut,no
516,1468683121939947521,neut,neut,no
517,1357249226560991232,neut,neut,no
518,1386977401851326464,neg,neg,no
519,1422116112758624259,neg_ir,neg,yes
520,1428271454135668738,misto,mix,no
521,1387848769706860546,pos,pos,no
522,1393244200582324226,pos,pos,no
523,1412316724905586688,neg_ir,neg,yes
524,1453683687703384066,pos_ir,pos,yes
525,1381583427217063938,neg_ir,neg,yes
526,1414579965081923585,neg,neg,no
527,1463427841861767169,neut,neut,no
528,1395164682999242755,neg,neg,no
529,1384448693860962309,neut,neut,no
530,1437369964042854408,neut,neut,no
531,1357010180723126272,neg,neg,no
532,1435185337437933570,neg_ir,neg,yes
533,1414560539016040450,pos,pos,no
534,1411607353099706372,neut,neut,no
535,1425891662606344192,neg,neg,no
536,1448239063698395138,pos,pos,no
537,1371941194985566211,neg_ir,neg,yes
538,1427933287939407872,neut,neut,no
539,1416419238454210569,neg,neg,no
540,1363753436358008832,neut,neut,no
541,1462370938658463744,neut,neut,no
542,1471807804524707844,neut,neut,no
543,1346213749263380481,neut,neut,no
544,1383003891231551488,neg,neg,no
545,1403599583490490368,neut,neut,no
546,1351226799565533186,pos,pos,no
547,1448924979970576388,neg,neg,no
548,1375339664618496001,neut,neut,no
549,1397278497966592000,neg_ir,neg,yes
550,1348309909377609733,neut,neut,no
551,1395635043570266116,neut,neut,no
552,1381522930283253761,neg_ir,neg,yes
553,1400543844224180227,neg,neg,no
554,1452536813105651715,neut,neut,no
555,1436287897175474179,neut,neut,no
556,1463507639917236229,neg_ir,neg,yes
557,1376888294655598593,neg,neg,no
558,1428244697881976832,neut,neut,no
559,1369677871111958530,neg,neg,no
560,1354200861178785794,neg_ir,neg,yes
561,1395466926852345860,pos,pos,no
562,1439537697341722628,neg_ir,neg,yes
563,1463605686168862720,neut,neut,no
564,1349342174836625411,neut,neut,no
565,1401952071809634309,neg,neg,no
566,1347929224221511683,neut,neut,no
567,1407691978654076930,neg,neg,no
568,1384447163111985153,neg,neg,no
569,1430213004931575811,neut,neut,no
570,1374991128735399937,neut,neut,no
571,1353662608717586434,neut,neut,no
572,1368875206018818049,neg_ir,neg,yes
573,1390972038840561672,neg_ir,neg,yes
574,1397618540748939266,neg,neg,no
575,1386654970678808579,neut,neut,no
576,1367106805567016970,neg_ir,neg,yes
577,1441307108293562371,neut,neut,no
578,1427627182763954181,neut,neut,no
579,1433791488207605791,pos,pos,no
580,1447467709927657478,neut,neut,no
581,1394905630306078722,neg,neg,no
582,1421041618728194048,neut,neut,no
583,1412722162650206209,neg,neg,no
584,1411610285111222273,neut,neut,no
585,1364825206771093512,neut,neut,no
586,1368655300484599813,neg,neg,no
587,1406656681296154630,neut,neut,no
588,1423657362221584387,pos,pos,no
589,1369339483934572546,neut,neut,no
590,1455160277058605056,neg,neg,no
591,1404398188174491662,neut,neut,no
592,1455500276547342342,neut,neut,no
593,1445077964157292548,neut,neut,no
594,1366359989598777346,neg_ir,neg,yes
595,1458022708244013056,pos,pos,no
596,1445686098676502530,neg_ir,neg,yes
597,1385549008085651456,neut,neut,no
598,1448500583078539269,pos,pos,no
599,1397260713396158470,neut,neut,no
600,1446822255560990724,neut,neut,no
601,1395083499682549763,neg,neg,no
602,1369249822344175619,neg_ir,neg,yes
603,1398546330348363777,neut,neut,no
604,1419549908676272128,neg_ir,neg,yes
605,1373233296168124417,neut,neut,no
606,1379969135938052096,neg_ir,neg,yes
607,1464994171253669894,neut,neut,no
608,1382241717898903553,neut,neut,no
609,1426623897433264129,neut,neut,no
610,1408499397672026112,neg,neg,no
611,1408321393893183489,neut,neut,no
612,1392768622850940934,neut,neut,no
613,1452980192750837760,neut,neut,no
614,1473549904467353602,neg_ir,neg,yes
615,1389339736247054336,pos_ir,pos,yes
616,1404414468176613379,neg_ir,neg,yes
617,1381312202557231105,neut,neut,no
618,1387697593875062784,misto,mix,no
619,1359489222365872128,neg_ir,neg,yes
620,1349302615172116481,neut,neut,no
621,1447190188313219079,neut,neut,no
622,1393148255739985920,neg,neg,no
623,1412634697205751809,pos,pos,no
624,1346739949727580161,neut,neut,no
625,1473329510552637440,pos,pos,no
626,1382238919455080448,neut,neut,no
627,1415312000540942338,neut,neut,no
628,1424268827890753536,neg_ir,neg,yes
629,1425396302175784963,neut,neut,no
630,1372222940935303170,neg,neg,no
631,1379150796722425859,neut,neut,no
632,1451816236732518401,neut,neut,no
633,1402894870671507457,neut,neut,no
634,1398320943043391495,neg,neg,no
635,1441864015093719040,neg,neg,no
636,1444283867125387264,neg,neg,no
637,1360724814789545984,neg,neg,no
638,1431070369293668352,neut,neut,no
639,1367110795595821062,neg_ir,neg,yes
640,1349079626941870082,pos_ir,pos,yes
641,1379107610125828097,neut,neut,no
642,1360510725735804931,neut,neut,no
643,1416666089145110528,neg_ir,neg,yes
644,1391786304699052035,neut,neut,no
645,1451095990786740235,neut,neut,no
646,1398209860999823362,pos,pos,no
647,1367110524895387648,neg_ir,neg,yes
648,1390326012802740226,neut,neut,no
649,1407665041470595077,neg_ir,neg,yes
650,1470048226116083723,neg,neg,no
651,1416401552185647105,neg_ir,neg,yes
652,1443224704253374469,neut,neut,no
653,1418103512030982151,neut,neut,no
654,1447818047276867586,neg_ir,neg,yes
655,1414877499604054034,neut,neut,no
656,1385139336878952448,neg,neg,no
657,1372886776474431488,neut,neut,no
658,1430857178336972809,neg,neg,no
659,1411918172454797313,neg_ir,neg,yes
660,1476141576359456770,neut,neut,no
661,1418304910001594378,neg_ir,neg,yes
662,1393238042064920581,neg,neg,no
663,1410518115469955075,pos,pos,no
664,1374372690253914113,neut,neut,no
665,1461720893340663818,neg_ir,neg,yes
666,1396803160380002305,pos,pos,no
667,1380474258971840517,neg,neg,no
668,1347589174908624897,neg,neg,no
669,1372444206501916673,neg,neg,no
670,1393571792619544577,neg_ir,neg,yes
671,1387466971705380865,neg,neg,no
672,1456407687634333707,neg,neg,no
673,1439575230540926978,neut,neut,no
674,1369223087485579265,neut,neut,no
675,1346423896506048513,neg_ir,neg,yes
676,1369334198767616009,neut,neut,no
677,1353043648133419010,neut,neut,no
678,1454064511942594560,neg,neg,no
679,1351430344340365313,neut,neut,no
680,1347213384283004929,neut,neut,no
681,1397168839536873475,neg_ir,neg,yes
682,1358359895364562945,neg_ir,neg,yes
683,1376860488324288512,neg_ir,neg,yes
684,1458896887738732553,neg,neg,no
685,1380223558744473601,neg,neg,no
686,1408180112168828933,neg_ir,neg,yes
687,1408318979723124737,neut,neut,no
688,1401831588086923266,neut,neut,no
689,1377604166017761285,neut,neut,no
690,1364702950367592450,neg,neg,no
691,1395859044515172352,misto,mix,no
692,1458341291650162690,neg,neg,no
693,1389972924124307457,neut,neut,no
694,1405813767724802048,neut,neut,no
695,1408380796633849858,neg,neg,no
696,1407618189660409858,pos,pos,no
697,1431264693109366786,neut,neut,no
698,1447105251224571904,neut,neut,no
699,1405024977322233858,neut,neut,no
700,1354712338130227202,neut,neut,no
701,1472667462873358336,neut,neut,no
702,1419574286763896834,neut,neut,no
703,1391700237207621636,neg_ir,neg,yes
704,1367141798305480705,pos,pos,no
705,1431190064747499521,neut,neut,no
706,1408029428878295047,neut,neut,no
707,1394032247888568326,neut,neut,no
708,1428791242301792256,neut,neut,no
709,1364152187312623617,neut,neut,no
710,1453378583762722819,neg,neg,no
711,1371762872666193921,neut,neut,no
712,1405827277787705352,neg,neg,no
713,1418469882342092802,pos,pos,no
714,1463859392235900934,neut,neut,no
715,1395286912244588550,neut,neut,no
716,1375859191437463555,neg_ir,neg,yes
717,1419563792594345986,neut,neut,no
718,1387104198542700548,neg,neg,no
719,1409909240974688257,pos,pos,no
720,1397886629373693952,neut,neut,no
721,1472283220897153033,neg,neg,no
722,1371379499967856644,neut,neut,no
723,1366774937827090434,neg,neg,no
724,1376515539862962184,neg,neg,no
725,1435250019548999689,neg_ir,neg,yes
726,1352171580030377984,neg,neg,no
727,1412801862248632322,neg,neg,no
728,1351585783942144000,neg_ir,neg,yes
729,1398606928557838336,neut,neut,no
730,1419779034897133568,neut,neut,no
731,1399734156645572609,neg_ir,neg,yes
732,1470159529086173194,neg_ir,neg,yes
733,1456935106384388096,neut,neut,no
734,1434059237009788933,neut,neut,no
735,1439954709729746944,pos,pos,no
736,1446845186995273734,neut,neut,no
737,1366756838096719875,neg,neg,no
738,1460305314679599115,neg_ir,neg,yes
739,1419249893584015361,neut,neut,no
740,1455416290160660483,neg,neg,no
741,1362684967881486338,neut,neut,no
742,1473940710474850304,neg,neg,no
743,1376093336856096774,neut,neut,no
744,1407824178565238787,neg,neg,no
745,1399745803623841802,neg_ir,neg,yes
746,1380522496429031427,pos,pos,no
747,1407572732527755266,neut,neut,no
748,1405184112080588801,pos,pos,no
749,1395505343418052608,neut,neut,no
750,1357291310244270080,neut,neut,no
751,1375027751380525061,pos,pos,no
752,1347849585012649984,neg_ir,neg,yes
753,1398361700861100034,neg_ir,neg,yes
754,1424290887878709252,neg_ir,neg,yes
755,1415965343248437250,neg_ir,neg,yes
756,1463581670565679114,neut,neut,no
757,1367044525034725381,neg_ir,neg,yes
758,1467097044477259779,neut,neut,no
759,1407930478972256266,neut,neut,no
760,1430797787080298497,neut,neut,no
761,1374359710443442177,neg_ir,neg,yes
762,1376840215524950016,neg_ir,neg,yes
763,1428126400490389507,pos_ir,pos,yes
764,1439194627995799553,pos,pos,no
765,1460638609388806156,neg_ir,neg,yes
766,1408389738646675457,neg,neg,no
767,1467578754709037059,neg_ir,neg,yes
768,1407204047506055169,neg_ir,neg,yes
769,1451457615133818880,neut,neut,no
770,1377936268668116994,neg,neg,no
771,1395661900650799106,neut,neut,no
772,1378978424946065409,neg_ir,neg,yes
773,1405794024607387649,neut,neut,no
774,1389820378256744449,neg_ir,neg,yes
775,1475749003350495233,neut,neut,no
776,1348604875811278849,neg,neg,no
777,1376303444370284546,neg,neg,no
778,1466326525427527684,neut,neut,no
779,1472287826385453073,neg_ir,neg,yes
780,1365583082259173376,neg,neg,no
781,1389887089588776960,neg_ir,neg,yes
782,1407022255771684869,neg_ir,neg,yes
783,1386580605249392640,neg_ir,neg,yes
784,1357372641204658176,neut,neut,no
785,1367089028512808961,neg,neg,no
786,1417569480859918336,neut,neut,no
787,1418102459659132928,neut,neut,no
788,1362406058325643270,neg,neg,no
789,1441892523920691200,neg,neg,no
790,1425370365140819968,neg,neg,no
791,1365638498183749641,neg_ir,neg,yes
792,1388372805495017473,neg_ir,neg,yes
793,1365370951156854789,neg_ir,neg,yes
794,1430073647801278469,neg_ir,neg,yes
795,1425852739901444101,neg_ir,neg,yes
796,1385557144414601216,neg_ir,neg,yes
797,1345037928091832321,neut,neut,no
798,1451919141410115591,neg_ir,neg,yes
799,1440955352741302272,neut,neut,no
800,1422100568772853766,neut,neut,no
801,1458117354940940293,neut,neut,no
802,1422807560550289410,neg_ir,neg,yes
803,1346884517974470657,neg,neg,no
804,1375067756714938378,neg_ir,neg,yes
805,1367113201964490752,neg_ir,neg,yes
806,1409795708702674944,neg_ir,neg,yes
807,1413409131134918656,neut,neut,no
808,1359893056313507842,neut,neut,no
809,1408018970393907203,neut,neut,no
810,1409402252750688258,neg,neg,no
811,1417749924796674048,pos,pos,no
812,1347497023050637312,neut,neut,no
813,1397829580719804417,neg,neg,no
814,1445816784808865807,neg_ir,neg,yes
815,1404705008491376640,pos_ir,pos,yes
816,1394628398430015488,neg_ir,neg,yes
817,1367061727628713986,neg_ir,neg,yes
818,1349715686189367297,pos,pos,no
819,1408037615660642305,neg_ir,neg,yes
820,1453107489201872905,neut,neut,no
821,1397434634850512898,neg_ir,neg,yes
822,1398651826082299912,neut,neut,no
823,1456555272760082449,neut,neut,no
824,1376078195905077251,neut,neut,no
825,1462716564990570496,neut,neut,no
826,1373389503549833218,neg_ir,neg,yes
827,1409565581452394502,neg_ir,neg,yes
828,1447971786554019842,pos_ir,pos,yes
829,1416364723004641282,neg_ir,neg,yes
830,1442400093316034561,neut,neut,no
831,1393243692937498626,neg,neg,no
832,1367108276631052293,neg_ir,neg,yes
833,1461735122777034760,neg_ir,neg,yes
834,1393110574112849921,neut,neut,no
835,1473586813826650118,neg_ir,neg,yes
836,1450458991134482434,neg_ir,neg,yes
837,1380520368281116675,neut,neut,no
838,1377695775220756491,neg,neg,no
839,1408498772057919494,neg,neg,no
840,1455583090999533568,neg,neg,no
841,1473597062973431812,neut,neut,no
842,1468322100096163855,neg_ir,neg,yes
843,1376522400800591873,neg,neg,no
844,1368674901314441225,neg,neg,no
845,1363399536845193218,pos,pos,no
846,1388764249401479176,neg,neg,no
847,1431721474856034304,neg_ir,neg,yes
848,1409413138278191106,neg,neg,no
849,1349077877002821632,neg_ir,neg,yes
850,1391783658307129346,neut,neut,no
851,1419549351668588544,neut,neut,no
852,1453682270301310980,neg_ir,neg,yes
853,1434392246397423617,neg_ir,neg,yes
854,1374727136049774593,neg_ir,neg,yes
855,1445277199041499143,neut,neut,no
856,1451904618838036489,neg,neg,no
857,1456631794833498113,neut,neut,no
858,1473060482210844680,neut,neut,no
859,1419201288684855297,neut,neut,no
860,1436254365967429645,neut,neut,no
861,1414128932664848384,neut,neut,no
862,1395319488082481152,neut,neut,no
863,1364178246154256391,neg,neg,no
864,1456354178297651204,neg,neg,no
865,1465234262060318720,neut,neut,no
866,1352889264640565248,neut,neut,no
867,1396798460909740035,neg,neg,no
868,1411280162780598273,neut,neut,no
869,1407684618426503169,pos,pos,no
870,1416667132352471045,neg_ir,neg,yes
871,1407613354085072896,neg,neg,no
872,1433352302862163969,neut,neut,no
873,1368276055153328133,neut,neut,no
874,1400341661260169216,neut,neut,no
875,1416402944677851140,neut,neut,no
876,1346372012965560320,neg,neg,no
877,1442787302581972996,neg_ir,neg,yes
878,1425333051119263744,neg,neg,no
879,1419352269481553924,pos,pos,no
880,1366421692575330307,neg_ir,neg,yes
881,1397481802575589381,neut,neut,no
882,1463457911749984259,neut,neut,no
883,1398607347858165760,neg,neg,no
884,1377516809327321092,neut,neut,no
885,1408524905583460354,pos,pos,no
886,1377899053967683585,neg,neg,no
887,1428012830528315394,neg_ir,neg,yes
888,1349343931243311106,pos,pos,no
889,1420659872962695175,neut,neut,no
890,1427561254395293700,neg_ir,neg,yes
891,1416666208288616450,neg_ir,neg,yes
892,1346422085732737026,neg_ir,neg,yes
893,1444286746821382145,neg,neg,no
894,1420746554164408331,neut,neut,no
895,1356574950782611456,neg,neg,no
896,1425399440223920129,neut,neut,no
897,1356219611998515201,neg,neg,no
898,1408207086408896522,neg,neg,no
899,1355437166478979073,neut,neut,no
900,1471049895314341888,neut,neut,no
901,1393481364847185923,neg,neg,no
902,1386919824446656513,neg_ir,neg,yes
903,1445796771326832642,neg_ir,neg,yes
904,1385470226070921217,neg_ir,neg,yes
905,1417173709979332621,neg_ir,neg,yes
906,1394908032862150657,neg,neg,no
907,1460255062169686018,neut,neut,no
908,1363436084483522561,neg,neg,no
909,1453420601968926725,neut,neut,no
910,1419941174748528642,neut,neut,no
911,1383646556717412352,neut,neut,no
912,1395029915456708608,neg,neg,no
913,1384865428485386240,neg,neg,no
914,1415920116726915073,neg_ir,neg,yes
915,1346823642219474946,neg_ir,neg,yes
916,1456192656594309121,neut,neut,no
917,1416389683983134722,neg_ir,neg,yes
918,1451431894483152898,neut,neut,no
919,1367442801143783425,neut,neut,no
920,1425987220327092228,pos,pos,no
921,1416679410896232451,neg_ir,neg,yes
922,1396018218129575936,pos,pos,no
923,1432271328220962816,neut,neut,no
924,1442769872908398595,neut,neut,no
925,1409391368208850945,neut,neut,no
926,1354066177740451840,pos,pos,no
927,1361300193304596480,neg_ir,neg,yes
928,1404772171038310402,neut,neut,no
929,1427885028894285824,pos_ir,pos,yes
930,1393870107475156993,neg,neg,no
931,1463537567035539458,neut,neut,no
932,1446550948248182785,neg,neg,no
933,1438885526707351552,neut,neut,no
934,1451483110110109696,neut,neut,no
935,1397426060694802432,neg_ir,neg,yes
936,1417774862874157056,neg,neg,no
937,1409083944168046592,neut,neut,no
938,1474391391899897862,neg_ir,neg,yes
939,1394951921249792002,neg,neg,no
940,1381955671713779712,neut,neut,no
941,1366492661608296452,neut,neut,no
942,1469603553220173829,neut,neut,no
943,1458723288625127424,neg_ir,neg,yes
944,1434013138060562437,neut,neut,no
945,1394646086439120900,neg_ir,neg,yes
946,1374495758649495553,neg,neg,no
947,1432956276770738179,neg,neg,no
948,1380428642866638850,neg,neg,no
949,1407251040831950848,neg_ir,neg,yes
950,1391785430044061703,neg_ir,neg,yes
951,1372816698957463552,neut,neut,no
952,1392732160298299392,neut,neut,no
953,1394875393040134145,pos_ir,pos,yes
954,1377607222256136194,neg,neg,no
955,1416370310245490693,misto,mix,no
956,1375563883268739088,neg,neg,no
957,1366715269461196801,neut,neut,no
958,1412742458753093635,neg_ir,neg,yes
959,1450389543916605441,neut,neut,no
960,1349103964822904833,neg,neg,no
961,1381543237991727104,neut,neut,no
962,1346552138583990272,neg_ir,neg,yes
963,1401227551788384257,neg_ir,neg,yes
964,1392534980010541058,neg,neg,no
965,1361332321689903109,neut,neut,no
966,1476524473541177351,neut,neut,no
967,1346082816476536833,neg,neg,no
968,1416156389542608898,neg_ir,neg,yes
969,1401585885339176963,misto,mix,no
970,1453796012997349381,neut,neut,no
971,1426120136675704832,neg_ir,neg,yes
972,1407370889545531393,neg_ir,neg,yes
973,1410567941322649600,neut,neut,no
974,1401098198668746752,neut,neut,no
975,1476176641688809476,neut,neut,no
976,1455867366701772804,neut,neut,no
977,1435545178421481475,neut,neut,no
978,1395151154716217344,neg,neg,no
979,1385514141176184832,neut,neut,no
980,1374251199373975556,neut,neut,no
981,1384413301698932737,neut,neut,no
982,1355120973314469888,neut,neut,no
983,1454199626303688706,neg_ir,neg,yes
984,1432981291725729795,neut,neut,no
985,1364938340236197892,neut,neut,no
986,1412103557030027265,neut,neut,no
987,1467897166991613960,neut,neut,no
988,1427886319548747777,neut,neut,no
989,1448515266422394880,neut,neut,no
990,1369586322135015424,neg,neg,no
991,1459496850017464337,neg_ir,neg,yes
992,1447611971982041096,neg_ir,neg,yes
993,1379456432844767236,neut,neut,no
994,1361600657665490948,neg_ir,neg,yes
995,1441743977443627012,neut,neut,no
996,1437853644796399616,neg,neg,no
997,1469253311186432008,neg,neg,no
998,1385196306956754944,neg_ir,neg,yes
999,1411259997552533504,neut,neut,no
1000,1465015356351725570,neg_ir,neg,yes
1001,1384810913426022402,neg,neg,no
1002,1408025381656006658,pos_ir,pos,yes
1003,1391076148180930568,neg,neg,no
1004,1409440909645729798,neut,neut,no
1005,1431901408727535617,neut,neut,no
1006,1384197166315409416,neg_ir,neg,yes
1007,1362789529946640384,neg,neg,no
1008,1451209208272142341,neg,neg,no
1009,1367112585766666245,neg_ir,neg,yes
1010,1407046231461879811,neg_ir,neg,yes
1011,1375184708561166343,neg,neg,no
1012,1393263329787908097,misto,mix,no
1013,1406579190875537412,neg_ir,neg,yes
1014,1367108999821357060,neg,neg,no
1015,1393236444647415810,neut,neut,no
1016,1395322884319584258,neut,neut,no
1017,1437086669388369921,neut,neut,no
1018,1376151289877385218,neg,neg,no
1019,1435661942031589376,misto,mix,no
1020,1380144196821090305,neg,neg,no
1021,1463202655233323008,pos,pos,no
1022,1446385537284255757,misto,mix,no
1023,1379510516528394246,neut,neut,no
1024,1412826650149011463,neg_ir,neg,yes
1025,1350751363962204160,neut,neut,no
1026,1419387872306683908,neut,neut,no
1027,1413267722490757123,neg,neg,no
1028,1364108580740341769,neg,neg,no
1029,1393126117352087556,neg_ir,neg,yes
1030,1398178781374947331,neg,neg,no
1031,1462444624124039172,neut,neut,no
1032,1358855032507150337,neg,neg,no
1033,1345100503756255236,neut,neut,no
1034,1458802429126918148,neut,neut,no
1035,1461739657344045061,pos_ir,pos,yes
1036,1438453602180378624,neut,neut,no
1037,1360271407788261376,neut,neut,no
1038,1418575660910620674,neut,neut,no
1039,1369256962425241606,neut,neut,no
1040,1443848686509961226,pos,pos,no
1041,1474471432532938759,pos,pos,no
1042,1396412573034156038,neg_ir,neg,yes
1043,1409879681466351624,neg_ir,neg,yes
1044,1463451711469756416,neg,neg,no
1045,1350077811093082116,pos_ir,pos,yes
1046,1387013941629423619,neut,neut,no
1047,1398342723539718147,neut,neut,no
1048,1405356022332547073,neut,neut,no
1049,1369555368758685697,neut,neut,no
1050,1408409653285953540,neut,neut,no
1051,1416677971746775040,neg_ir,neg,yes
1052,1427631663228592142,neg_ir,neg,yes
1053,1381609462767747077,neg,neg,no
1054,1446863820631195652,neg_ir,neg,yes
1055,1453080912544116737,neg,neg,no
1056,1416376604272611328,neg,neg,no
1057,1382728963034902537,neut,neut,no
1058,1451619347445727237,neg,neg,no
1059,1353413178181476352,neut,neut,no
1060,1396773295056379905,neg,neg,no
1061,1419201328916701187,neut,neut,no
1062,1393503138292895750,neut,neut,no
1063,1408082205793034245,neut,neut,no
1064,1446094688474308609,neut,neut,no
1065,1380221579775315973,neg,neg,no
1066,1410973681304707073,neg,neg,no
1067,1351781027061116933,neg,neg,no
1068,1394622464567746563,neg_ir,neg,yes
1069,1385179476913426432,neg_ir,neg,yes
1070,1449856827131371528,neg_ir,neg,yes
1071,1381151701302919168,neut,neut,no
1072,1474000746156892166,neg,neg,no
1073,1432270680456826881,neg_ir,neg,yes
1074,1437488717325815817,neg,neg,no
1075,1389264542857838598,neg,neg,no
1076,1394915234364772354,misto,mix,no
1077,1422596058673188869,pos,pos,no
1078,1416381258179956736,neg,neg,no
1079,1451551221693788164,neut,neut,no
1080,1383195347548311556,neg_ir,neg,yes
1081,1395839243121999880,neg_ir,neg,yes
1082,1370079577637281797,pos_ir,pos,yes
1083,1427906813001936897,neut,neut,no
1084,1422151797469220866,neut,neut,no
1085,1415578559658217475,neut,neut,no
1086,1410883382322642946,neut,neut,no
1087,1431447199091675137,neut,neut,no
1088,1349075273661227012,neg_ir,neg,yes
1089,1412758300265943041,neut,neut,no
1090,1374307059303350278,neg,neg,no
1091,1418120610480369664,neg_ir,neg,yes
1092,1417092342473973764,neg,neg,no
1093,1396387095665651712,neut,neut,no
1094,1407365558857867268,neg,neg,no
1095,1391151004171784192,neg_ir,neg,yes
1096,1453423375620190215,pos_ir,pos,yes
1097,1353029927050899458,neg_ir,neg,yes
1098,1406927846086414340,neg_ir,neg,yes
1099,1380869856040529920,neg,neg,no
1100,1461596442200616960,neg,neg,no
1101,1384638861696020482,neg_ir,neg,yes
1102,1351495878998167559,misto,mix,no
1103,1398959090903228422,neg,neg,no
1104,1349358477307752449,neg,neg,no
1105,1380069779453718532,neut,neut,no
1106,1395379636037734407,neg_ir,neg,yes
1107,1407339401546547202,neg,neg,no
1108,1349780301359304706,neut,neut,no
1109,1349076383625060354,neg_ir,neg,yes
1110,1359061138881867779,neut,neut,no
1111,1410696204124626948,neg,neg,no
1112,1457004965143134209,neg_ir,neg,yes
1113,1408454772689190922,pos_ir,pos,yes
1114,1416369175715590146,neg_ir,neg,yes
1115,1412127413585252352,neg,neg,no
1116,1425798255204503552,neg,neg,no
1117,1396743974770155520,neg,neg,no
1118,1362040593321512965,neg_ir,neg,yes
1119,1375211685544390658,neg,neg,no
1120,1394662013213757443,pos_ir,pos,yes
1121,1361250508552499201,neut,neut,no
1122,1458900878556114946,neg,neg,no
1123,1391298591680081921,neut,neut,no
1124,1419410913090842624,pos,pos,no
1125,1446560961838649354,neg,neg,no
1126,1438751249063612418,neut,neut,no
1127,1395851693934497796,pos_ir,pos,yes
1128,1443232991153639429,neg,neg,no
1129,1440671290755403777,neut,neut,no
1130,1394233437804957697,neut,neut,no
1131,1382090952861450243,pos,pos,no
1132,1386469504025247746,neg_ir,neg,yes
1133,1398209364478025729,pos_ir,pos,yes
1134,1407969680975876100,neut,neut,no
1135,1366763452707069954,misto,mix,no
1136,1399660726164373504,pos,pos,no
1137,1395408614769184771,neg_ir,neg,yes
1138,1398288064858951681,neut,neut,no
1139,1443071424927780864,neg_ir,neg,yes
1140,1452669986724622341,neut,neut,no
1141,1389924485713874944,neut,neut,no
1142,1380799504841068545,neg,neg,no
1143,1420292977856028674,neg,neg,no
1144,1405142201114546184,neut,neut,no
1145,1419397184970166279,neg,neg,no
1146,1349078716085899267,neg_ir,neg,yes
1147,1353795194399977474,neut,neut,no
1148,1399725618418356224,neg_ir,neg,yes
1149,1391697621274841088,neut,neut,no
1150,1439927433415757825,neut,neut,no
1151,1381487332193398788,neut,neut,no
1152,1460702867241721857,neg_ir,neg,yes
1153,1416093383077109760,neg_ir,neg,yes
1154,1402170360242524162,neut,neut,no
1155,1364277331234328584,neg_ir,neg,yes
1156,1420441457555513345,neut,neut,no
1157,1398571053765562372,neg,neg,no
1158,1354171754524991488,neut,neut,no
1159,1395458683195297792,neut,neut,no
1160,1349708643248308228,neut,neut,no
1161,1427245956609753089,neut,neut,no
1162,1405136238387027973,neg,neg,no
1163,1458363597483094024,neg_ir,neg,yes
1164,1361238012504473600,neut,neut,no
1165,1467434592240078849,pos,pos,no
1166,1426109849339838466,neg_ir,neg,yes
1167,1416521380783349763,neg_ir,neg,yes
1168,1379470609374183427,neut,neut,no
1169,1474765051479445514,pos,pos,no
1170,1416661520956674048,neut,neut,no
1171,1476459263669293058,neut,neut,no
1172,1440219852782727174,neut,neut,no
1173,1404344564782178308,neut,neut,no
1174,1408029724077658113,neg_ir,neg,yes
1175,1390585669492281344,neut,neut,no
1176,1461297568009359362,neg,neg,no
1177,1416458758188933128,pos_ir,pos,yes
1178,1459441508176826371,neut,neut,no
1179,1394258024425037824,neg_ir,neg,yes
1180,1456638301985722374,neut,neut,no
1181,1438521809851146254,neut,neut,no
1182,1354756463172923392,neg,neg,no
1183,1354892684612292611,neg,neg,no
1184,1428292012684595204,neg,neg,no
1185,1420759448730030081,neg,neg,no
1186,1441065218386370562,neut,neut,no
1187,1467071681130905602,neut,neut,no
1188,1410519562332688387,neut,neut,no
1189,1417860731370942469,pos,pos,no
1190,1366487675516162054,neg,neg,no
1191,1408348849505177600,neg_ir,neg,yes
1192,1349000991631433733,neut,neut,no
1193,1416672030234132480,neg_ir,neg,yes
1194,1356187361533718529,neut,neut,no
1195,1466020717212938242,pos,pos,no
1196,1449995011685289985,neut,neut,no
1197,1411000409896984577,neg,neg,no
1198,1375448674327793664,neg,neg,no
1199,1453636935088545795,neut,neut,no
1200,1421166148884836353,pos,pos,no
1201,1383729553659469824,neut,neut,no
1202,1433396346938089474,neut,neut,no
1203,1420409964925898754,neut,neut,no
1204,1458790546370142214,neg,neg,no
1205,1365361207817994245,pos,pos,no
1206,1351224172060549126,pos,pos,no
1207,1442187396070531076,neut,neut,no
1208,1407305853141651456,neg,neg,no
1209,1397287213122076675,neg,neg,no
1210,1460554728719454211,neg_ir,neg,yes
1211,1400444150772797450,neg,neg,no
1212,1459153852045922312,neut,neut,no
1213,1398354241891282945,neg,neg,no
1214,1411592310433931267,neut,neut,no
1215,1422233946276995085,neg,neg,no
1216,1406901993587752964,neg_ir,neg,yes
1217,1454099148479811590,neg,neg,no
1218,1346761343379120128,pos_ir,pos,yes
1219,1471420405428764672,neut,neut,no
1220,1416377602688880643,neut,neut,no
1221,1407662619310366721,neut,neut,no
1222,1394166320162385922,neut,neut,no
1223,1362762965452210189,neut,neut,no
1224,1395277216569860096,neut,neut,no
1225,1365560687884402689,neg,neg,no
1226,1392077066397433861,neg,neg,no
1227,1346174798171430914,neg,neg,no
1228,1410689938312548358,neut,neut,no
1229,1374041505418072072,neut,neut,no
1230,1368130995719913474,neg,neg,no
1231,1352447496543473664,neut,neut,no
1232,1389832871943319554,neg,neg,no
1233,1379057081240719360,neut,neut,no
1234,1385240247789817857,pos,pos,no
1235,1443874024413712409,neut,neut,no
1236,1397530515369046017,neg,neg,no
1237,1422854564592640001,neut,neut,no
1238,1404349351011487746,neut,neut,no
1239,1420858601053245538,neut,neut,no
1240,1348941832932249600,neut,neut,no
1241,1440692484204425222,neut,neut,no
1242,1411984053813891077,neut,neut,no
1243,1394659462804295683,neg_ir,neg,yes
1244,1394201133917343746,neg,neg,no
1245,1381715747425107973,neut,neut,no
1246,1423222260383506433,neg,neg,no
1247,1393919280589180930,neg_ir,neg,yes
1248,1379116216548212737,neg,neg,no
1249,1376909342553821184,neut,neut,no
1250,1368676349305622529,neg_ir,neg,yes
1251,1390923744231792641,neg_ir,neg,yes
1252,1359968686476382210,neut,neut,no
1253,1463065330260004865,neut,neut,no
1254,1403444211203125249,neut,neut,no
1255,1445380013050769428,misto,mix,no
1256,1387455580810448898,neut,neut,no
1257,1368909051539709955,neg,neg,no
1258,1442806757022212096,neg_ir,neg,yes
1259,1384064414698012672,neg,neg,no
1260,1443233154924437506,neg_ir,neg,yes
1261,1351434114956578817,neut,neut,no
1262,1349823027593306122,neg_ir,neg,yes
1263,1467991363014864896,neg,neg,no
1264,1456200625461530628,neut,neut,no
1265,1386979865207967744,neut,neut,no
1266,1466406375597215750,neg_ir,neg,yes
1267,1351171119454302213,neg_ir,neg,yes
1268,1415994670585425926,neg_ir,neg,yes
1269,1345099218512453632,neut,neut,no
1270,1411917845445885952,neg_ir,neg,yes
1271,1394213833883926528,neut,neut,no
1272,1405183666586800137,pos,pos,no
1273,1348542729291239425,neut,neut,no
1274,1410865583751577607,neut,neut,no
1275,1366744643958951943,neut,neut,no
1276,1429845960440619015,neut,neut,no
1277,1457006021944221698,neg_ir,neg,yes
1278,1463946843902119941,pos,pos,no
1279,1412636114674933760,pos,pos,no
1280,1385340441181175810,neg,neg,no
1281,1399727139566534656,neg,neg,no
1282,1353892239836119041,neut,neut,no
1283,1348658917325369346,pos,pos,no
1284,1421030588832681986,neut,neut,no
1285,1351091880545677312,neut,neut,no
1286,1408044340123947022,neg,neg,no
1287,1377969058692366336,neg,neg,no
1288,1448187101736996868,neg,neg,no
1289,1395452735336730628,neg_ir,neg,yes
1290,1384113964578086918,neg_ir,neg,yes
1291,1405464426044657673,neut,neut,no
1292,1394644362106187778,neg_ir,neg,yes
1293,1357318041533562880,neut,neut,no
1294,1346422331091128320,pos_ir,pos,yes
1295,1465221076955320324,neg_ir,neg,yes
1296,1349079401946877953,neg_ir,neg,yes
1297,1397972480397086725,neut,neut,no
1298,1408006548920672256,misto,mix,no
1299,1400083456189681665,neg,neg,no
1300,1353495103990603776,misto,mix,no
1301,1454363778175356930,neg,neg,no
1302,1408044891763003394,neg_ir,neg,yes
1303,1396695235237974016,neut,neut,no
1304,1412331273973125122,neut,neut,no
1305,1451218771516039173,neg,neg,no
1306,1386702990107684869,neg,neg,no
1307,1460528926103588864,neut,neut,no
1308,1380445788749361154,pos_ir,pos,yes
1309,1346202861881978888,neg,neg,no
1310,1384197303485952006,neg,neg,no
1311,1467368858692558848,neut,neut,no
1312,1408152696163610625,neg,neg,no
1313,1450049382947172355,neut,neut,no
1314,1442827575718563840,neg_ir,neg,yes
1315,1419980956648321029,neut,neut,no
1316,1394620713127055360,neg_ir,neg,yes
1317,1444635161182810114,neg,neg,no
1318,1391074368760033284,neut,neut,no
1319,1431204620622352388,neg,neg,no
1320,1385949242863276033,neg_ir,neg,yes
1321,1416668552350818307,neg_ir,neg,yes
1322,1389309831710973956,neut,neut,no
1323,1384428200302981120,neut,neut,no
1324,1458776908670423040,neg,neg,no
1325,1398352734974320642,neg_ir,neg,yes
1326,1411990243922882561,neut,neut,no
1327,1403319351369998337,neg,neg,no
1328,1393100949443514368,neg,neg,no
1329,1445775136527839239,neut,neut,no
1330,1379729390305705985,neut,neut,no
1331,1473196893010288645,neut,neut,no
1332,1396494769002582024,neut,neut,no
1333,1441316937770815491,pos,pos,no
1334,1425746223340924930,neg_ir,neg,yes
1335,1413766485038845953,neut,neut,no
1336,1449727351030435843,neut,neut,no
1337,1467066744040738816,neut,neut,no
1338,1380351584983515137,pos,pos,no
1339,1352310315426443265,neut,neut,no
1340,1380100379208253445,neut,neut,no
1341,1379511164443496460,neut,neut,no
1342,1385276789409394693,neut,neut,no
1343,1392019543791394817,neut,neut,no
1344,1366748223797395457,neg_ir,neg,yes
1345,1354082825696378880,neg_ir,neg,yes
1346,1398231093548101632,neg,neg,no
1347,1395802377391857666,neg,neg,no
1348,1424135923516772354,neg_ir,neg,yes
1349,1396507453966143491,neg,neg,no
1350,1357303651019218944,neg,neg,no
1351,1407668533765488645,pos_ir,pos,yes
1352,1376849331811188737,neut,neut,no
1353,1359897400220000257,neut,neut,no
1354,1377929110337560577,neg,neg,no
1355,1422491404408852493,neg,neg,no
1356,1353262922936545281,neut,neut,no
1357,1360212474574893060,neut,neut,no
1358,1382099077748436992,neg,neg,no
1359,1469588345982533632,neut,neut,no
1360,1414540939876605953,neg,neg,no
1361,1472162412384169992,neut,neut,no
1362,1436958303461036032,neut,neut,no
1363,1404782094971289601,neg,neg,no
1364,1381361974022434816,neg_ir,neg,yes
1365,1349078147434643456,neg_ir,neg,yes
1366,1374322443456774150,neg,neg,no
1367,1360148325304008709,neut,neut,no
1368,1349079813450051587,neg_ir,neg,yes
1369,1423634143552983047,neut,neut,no
1370,1371524814305959944,neut,neut,no
1371,1452337116009091074,neg,neg,no
1372,1435212472311500800,neut,neut,no
1373,1434806872809295874,neg,neg,no
1374,1475534171045085195,neg,neg,no
1375,1454044780011442184,pos_ir,pos,yes
1376,1424998142789967899,neg,neg,no
1377,1377578060174737408,neg,neg,no
1378,1476188865786429447,neut,neut,no
1379,1461690791215177729,neg,neg,no
1380,1390256670983524353,neut,neut,no
1381,1377601778016006149,neut,neut,no
1382,1389501126781833216,neut,neut,no
1383,1397815334074257410,neg,neg,no
1384,1468822850555502593,neut,neut,no
1385,1393521421750607872,pos,pos,no
1386,1405531633952849921,neut,neut,no
1387,1423918970281893890,neut,neut,no
1388,1349608813628968960,neut,neut,no
1389,1461644497796976641,neg_ir,neg,yes
1390,1352147457875042304,neg,neg,no
1391,1393845448402685952,neg_ir,neg,yes
1392,1435508845590323203,neut,neut,no
1393,1426180578899075080,neg_ir,neg,yes
1394,1463044732033056769,neg,neg,no
1395,1444255010817204226,neg,neg,no
1396,1460664293532311554,neut,neut,no
1397,1377566790084083719,neg,neg,no
1398,1425810137315426311,neut,neut,no
1399,1462034134587564032,neg,neg,no
1400,1451095539882340363,neut,neut,no
1401,1445036859256557570,neg,neg,no
1402,1361351256829214726,pos,pos,no
1403,1383032611354898432,neut,neut,no
1404,1364478619188408320,pos,pos,no
1405,1442806090454949888,neg_ir,neg,yes
1406,1387493328409800709,neut,neut,no
1407,1356620284791562242,neut,neut,no
1408,1404334221758451713,pos,pos,no
1409,1395412603216797696,neg,neg,no
1410,1375096845945479169,neg,neg,no
1411,1373915242267348994,neut,neut,no
1412,1408045900916826115,neut,neut,no
1413,1473381365429288961,pos,pos,no
1414,1395479590471184384,neut,neut,no
1415,1390784362468179969,neg_ir,neg,yes
1416,1377957611648249861,neg,neg,no
1417,1420100981560422413,neg,neg,no
1418,1377957560007933953,neg,neg,no
1419,1416330517100867584,neg_ir,neg,yes
1420,1458205467717603332,neut,neut,no
1421,1408093905380327425,neg,neg,no
1422,1396442135788916736,pos,pos,no
1423,1387279909651898370,neut,neut,no
1424,1409835020492095491,neg,neg,no
1425,1403338962115121156,neut,neut,no
1426,1397531596991909889,neg,neg,no
1427,1435871350816743428,neut,neut,no
1428,1381935494834053125,neut,neut,no
1429,1361431799742750727,misto,mix,no
1430,1379130593720606721,pos,pos,no
1431,1369693722586255366,neg,neg,no
1432,1414614330377752581,neg_ir,neg,yes
1433,1415646679714443266,neut,neut,no
1434,1356658751646953472,neut,neut,no
1435,1408066707285962755,pos,pos,no
1436,1390785660328546304,neg_ir,neg,yes
1437,1368523176532189184,neut,neut,no
1438,1378223461449994240,neg,neg,no
1439,1404665487833841666,neut,neut,no
1440,1474299464408092699,neut,neut,no
1441,1453948707129356302,neut,neut,no
1442,1443161870131683329,neg_ir,neg,yes
1443,1398242548875943936,misto,mix,no
1444,1375192589054410760,neg,neg,no
1445,1458838716005367817,neut,neut,no
1446,1379835377293344772,neg,neg,no
1447,1413079160382136322,neut,neut,no
1448,1396596327614713856,neg,neg,no
1449,1366340055946702855,neut,neut,no
1450,1365761497507504138,neg_ir,neg,yes
1451,1448704412608774147,neg,neg,no
1452,1453352340103303171,neut,neut,no
1453,1450097533049610247,neg_ir,neg,yes
1454,1407989310738124804,neut,neut,no
1455,1372091936304201729,neut,neut,no
1456,1413458854038233088,neut,neut,no
1457,1352666815856586752,neut,neut,no
1458,1397278119455858689,neg_ir,neg,yes
1459,1374978735988994049,pos,pos,no
1460,1391078697936068611,neut,neut,no
1461,1420342720330178560,neut,neut,no
1462,1353446536676397062,neg,neg,no
1463,1364572673234272261,neut,neut,no
1464,1382002590309879808,neg,neg,no
1465,1347107542766411777,neut,neut,no
1466,1389879854145970179,neg_ir,neg,yes
1467,1380474802616610816,neg,neg,no
1468,1391668056594784258,neut,neut,no
1469,1417871810172002304,neg,neg,no
1470,1472850128830664705,neut,neut,no
1471,1425579896550551564,neg,neg,no
1472,1430477054173237253,neg_ir,neg,yes
1473,1390776227548569600,neut,neut,no
1474,1463508177652228098,neg,neg,no
1475,1368470394076807170,neut,neut,no
1476,1370295204910104609,neut,neut,no
1477,1428008549322563590,neut,neut,no
1478,1391118044651474948,neg,neg,no
1479,1364549143541252096,neg,neg,no
1480,1408029439066247175,pos,pos,no
1481,1363888642146598913,neut,neut,no
1482,1440024205467193347,neut,neut,no
1483,1402745630066413572,neg_ir,neg,yes
1484,1395591092129701894,pos,pos,no
1485,1455432397441339392,neut,neut,no
1486,1434526032833437697,neut,neut,no
1487,1366326374680694785,neg,neg,no
1488,1457611219192459266,neut,neut,no
1489,1369652226738814981,neg,neg,no
1490,1404722777807011842,neg,neg,no
1491,1446478807507025926,neut,neut,no
1492,1407710483298361349,neg_ir,neg,yes
1493,1397117775462686722,neut,neut,no
1494,1366943040783478788,neut,neut,no
1495,1415772834836664320,neg,neg,no
1496,1352039778070495233,neut,neut,no
1497,1394956471830523904,neg_ir,neg,yes
1498,1367052752308883456,neg,neg,no
1499,1365427004749864962,neg_ir,neg,yes
1500,1350453512510070786,neg_ir,neg,yes
1501,1375498506438389760,neut,neut,no
1502,1423864089147752455,neg_ir,neg,yes
1503,1402627740805828618,neg,neg,no
1504,1375706428623761411,neg_ir,neg,yes
1505,1385881627008643089,neut,neut,no
1506,1405801082845024258,neut,neut,no
1507,1412502314787741703,neg,neg,no
1508,1373541479193399297,neut,neut,no
1509,1391313569686429696,neut,neut,no
1510,1408015058873905157,neut,neut,no
1511,1394578673458716675,neut,neut,no
1512,1376462998705995777,neg,neg,no
1513,1405082283070132225,neg_ir,neg,yes
1514,1346366507551498241,neg,neg,no
1515,1453451720105803778,neg,neg,no
1516,1473574752057012229,neut,neut,no
1517,1364902149419917318,neg,neg,no
1518,1422100529426178051,neut,neut,no
1519,1463506412387065863,pos,pos,no
1520,1456706224498659330,pos,pos,no
1521,1439164881836691458,neg,neg,no
1522,1430600675868745729,neg_ir,neg,yes
1523,1378255484227031040,neut,neut,no
1524,1458413178849738754,neut,neut,no
1525,1395330692968484865,neut,neut,no
1526,1391714654666252300,neg,neg,no
1527,1432267682838159361,neut,neut,no
1528,1407696315832848384,neut,neut,no
1529,1344937685325144064,pos,pos,no
1530,1346018147984314368,neg_ir,neg,yes
1531,1401519792218066946,neg,neg,no
1532,1420651002617860098,neut,neut,no
1533,1402188745680556032,neg_ir,neg,yes
1534,1402567591697211402,neg,neg,no
1535,1430446566905679878,neg,neg,no
1536,1448523084370173953,neg,neg,no
1537,1410622361431207936,neut,neut,no
1538,1390637394823634948,neut,neut,no
1539,1428424951145578498,misto,mix,no
1540,1373936171798171651,neg,neg,no
1541,1385257040138932226,pos,pos,no
1542,1397585569333403654,neut,neut,no
1543,1438489258998784006,neg_ir,neg,yes
1544,1430835809222070273,neut,neut,no
1545,1392020316226981890,misto,mix,no
1546,1390002333526986758,neg,neg,no
1547,1399755657549651981,neut,neut,no
1548,1475458743756365830,neg,neg,no
1549,1405806678419910657,neg_ir,neg,yes
1550,1361265298989608964,neut,neut,no
1551,1428030385422848002,neut,neut,no
1552,1409448080093683727,neut,neut,no
1553,1475186776507654144,pos,pos,no
1554,1402665420457398276,neg_ir,neg,yes
1555,1407055282119839745,neg,neg,no
1556,1397822640958722048,neg,neg,no
1557,1383753049265475589,neg,neg,no
1558,1386225160450199554,neut,neut,no
1559,1402222564974510082,neg,neg,no
1560,1440983456457101314,neut,neut,no
1561,1362735252179836930,neut,neut,no
1562,1444707574339747841,neg_ir,neg,yes
1563,1394659084838883328,neg_ir,neg,yes
1564,1379744588496244739,neut,neut,no
1565,1402698205045866499,neg_ir,neg,yes
1566,1437868714678960132,neg_ir,neg,yes
1567,1381903620329893895,neut,neut,no
1568,1398277837132550145,neg,neg,no
1569,1365240420712734722,neut,neut,no
1570,1376888434174914562,neg,neg,no
1571,1378404448838549508,neg_ir,neg,yes
1572,1430903692325126154,neg_ir,neg,yes
1573,1464268178020872199,neut,neut,no
1574,1470014228601790476,neg,neg,no
1575,1376485451373162496,neg,neg,no
1576,1453754134394556417,neg_ir,neg,yes
1577,1395852561782120452,neg,neg,no
1578,1364614782020640768,neg,neg,no
1579,1414974137899130886,neg_ir,neg,yes
1580,1467176763470012422,neut,neut,no
1581,1434365495080275968,neut,neut,no
1582,1406618097440669696,neg,neg,no
1583,1388943682494214147,neg_ir,neg,yes
1584,1392472417793159174,neg_ir,neg,yes
1585,1377618180215091202,neg,neg,no
1586,1368262656642215942,neg_ir,neg,yes
1587,1405148611281833986,neg_ir,neg,yes
1588,1386089473977602049,neut,neut,no
1589,1452164776138772481,neut,neut,no
1590,1413766509634146306,neut,neut,no
1591,1398257216801681411,neut,neut,no
1592,1393191915290517504,neut,neut,no
1593,1458006761181519874,neut,neut,no
1594,1451816245855129610,neut,neut,no
1595,1371484174683635714,neg,neg,no
1596,1362232035432103936,neg,neg,no
1597,1366681468878131201,neut,neut,no
1598,1455874641554296834,pos,pos,no
1599,1405563687541383172,neut,neut,no
1600,1465964423575650305,neut,neut,no
1601,1441315320988241932,neg_ir,neg,yes
1602,1390786899443339266,neut,neut,no
1603,1372543823285522434,neut,neut,no
1604,1374251206831443968,neut,neut,no
1605,1363047362957049863,neut,neut,no
1606,1439960036718129152,neut,neut,no
1607,1468938617871638534,neut,neut,no
1608,1428576346280706049,neg,neg,no
1609,1405195748464074754,neg_ir,neg,yes
1610,1356212821453918215,neut,neut,no
1611,1366987646061445120,neg,neg,no
1612,1414960037517307910,neut,neut,no
1613,1375180871934836744,neut,neut,no
1614,1354398696960614400,neg_ir,neg,yes
1615,1421079312338407424,neg,neg,no
1616,1379079151852924928,neg,neg,no
1617,1374406730524729345,neg,neg,no
1618,1427933574662086657,neut,neut,no
1619,1420265619954585603,neg,neg,no
1620,1369236983915159553,neg_ir,neg,yes
1621,1439232110590574594,neut,neut,no
1622,1353700918320123908,neut,neut,no
1623,1377603621337116673,neg,neg,no
1624,1419733900155400192,neg,neg,no
1625,1425739077802934273,neg,neg,no
1626,1390785007996837899,neg_ir,neg,yes
1627,1361690497576755205,pos,pos,no
1628,1391867648670064641,neg_ir,neg,yes
1629,1430202910915313665,neg_ir,neg,yes
1630,1368244688491253766,neut,neut,no
1631,1447209389090344974,neut,neut,no
1632,1456754852848148480,neut,neut,no
1633,1389880251875041280,misto,mix,no
1634,1458716779354767362,neut,neut,no
1635,1385199343725072387,neg,neg,no
1636,1409835741706862595,neg,neg,no
1637,1409064870469902337,neut,neut,no
1638,1420754889936756750,neut,neut,no
1639,1394613575386378240,misto,mix,no
1640,1375485967998550020,neg,neg,no
1641,1349080871987503106,neg_ir,neg,yes
1642,1375446261017546756,neg,neg,no
1643,1376485715597524992,neg,neg,no
1644,1348545016575254528,neut,neut,no
1645,1387047989500256259,neg_ir,neg,yes
1646,1415625812095782915,neut,neut,no
1647,1349738539357900804,neg_ir,neg,yes
1648,1345693664518025218,neut,neut,no
1649,1419374899488043012,neg,neg,no
1650,1395329704932962306,neut,neut,no
1651,1405863284763467781,neg,neg,no
1652,1361428119610142720,neg,neg,no
1653,1453644349892354050,neg_ir,neg,yes
1654,1449403802403082245,neut,neut,no
1655,1442424439078105090,neut,neut,no
1656,1407684303774007297,pos,pos,no
1657,1416394328725987328,neg_ir,neg,yes
1658,1406672832382357505,neg,neg,no
1659,1365318515364950021,neut,neut,no
1660,1407047498087243777,neg,neg,no
1661,1374353823855214597,neg,neg,no
1662,1412110757706219528,neut,neut,no
1663,1442512509785845762,neut,neut,no
1664,1347139900043358214,neg_ir,neg,yes
1665,1384591993574236162,neg_ir,neg,yes
1666,1408045491011600384,neg,neg,no
1667,1416388070065197059,neut,neut,no
1668,1374322580564365313,neut,neut,no
1669,1389849049180917761,neut,neut,no
1670,1440932783443091461,neut,neut,no
1671,1450746045181448197,neut,neut,no
1672,1357004345158549506,neg_ir,neg,yes
1673,1407792683934945281,pos,pos,no
1674,1395780411624722440,neut,neut,no
1675,1414900920333258752,neg,neg,no
1676,1444297582356967425,pos,pos,no
1677,1392854142096494600,neut,neut,no
1678,1402917731670892549,neg,neg,no
1679,1350451194729295878,neg_ir,neg,yes
1680,1459214901600210950,neg,neg,no
1681,1384857396288409600,neut,neut,no
1682,1476441205907066883,neut,neut,no
1683,1441307118884122632,neut,neut,no
1684,1404747236555341829,neg,neg,no
1685,1444961203063869445,neut,neut,no
1686,1421753216522506241,neut,neut,no
1687,1436767111368658945,neg,neg,no
1688,1379421095774785538,neg,neg,no
1689,1427898639804948480,neut,neut,no
1690,1426076071708004355,neg,neg,no
1691,1442817584999587843,neg_ir,neg,yes
1692,1346083732076290050,neg_ir,neg,yes
1693,1407292192654299144,neg,neg,no
1694,1382601166782091265,neut,neut,no
1695,1464008613941420040,neg_ir,neg,yes
1696,1430133076793962503,neut,neut,no
1697,1352581229560922113,neut,neut,no
1698,1389124302306349056,neut,neut,no
1699,1429952210356559875,neut,neut,no
1700,1451523924454428678,neut,neut,no
1701,1434824104218173448,neut,neut,no
1702,1442160607113875460,neut,neut,no
1703,1397435357600288769,neg,neg,no
1704,1447920571812130820,neg,neg,no
1705,1408033711854080003,pos,pos,no
1706,1380059238987350017,neut,neut,no
1707,1435174860007821317,neut,neut,no
1708,1387061329308094467,misto,mix,no
1709,1443163323369938944,misto,mix,no
1710,1390564501133664264,neg,neg,no
1711,1425906917201874945,neg_ir,neg,yes
1712,1412810385741201414,neg,neg,no
1713,1377946665089429507,neg,neg,no
1714,1454093335568789506,neg,neg,no
1715,1402613959790841856,neut,neut,no
1716,1416643475609735169,neg_ir,neg,yes
1717,1473228996452179972,pos,pos,no
1718,1396028280415870977,pos,pos,no
1719,1422241996635320322,neg_ir,neg,yes
1720,1355612969942581250,neg,neg,no
1721,1369659706701197318,neg_ir,neg,yes
1722,1451841650448375810,neut,neut,no
1723,1414524939982577667,neut,neut,no
1724,1394627645829230596,neut,neut,no
1725,1451623065113309184,neg_ir,neg,yes
1726,1391164672557072384,neg_ir,neg,yes
1727,1410513516247846915,neut,neut,no
1728,1444338614616399877,neut,neut,no
1729,1439495149093068800,neut,neut,no
1730,1443217526821986312,pos_ir,pos,yes
1731,1462143455392669696,neg_ir,neg,yes
1732,1397788753754824706,neg,neg,no
1733,1413863923057577996,neut,neut,no
1734,1386436988363022338,neg_ir,neg,yes
1735,1428218256167522311,neg_ir,neg,yes
1736,1366452991373508611,neg_ir,neg,yes
1737,1440963450637856768,neg_ir,neg,yes
1738,1413031048435339272,neg,neg,no
1739,1439462805275652097,pos,pos,no
1740,1427303551861145602,neg,neg,no
1741,1356603657370886145,neut,neut,no
1742,1371879565707124739,neut,neut,no
1743,1422239371512659968,neg,neg,no
1744,1448280546698792961,neut,neut,no
1745,1353977957245739010,neut,neut,no
1746,1416363487182393344,neut,neut,no
1747,1369672288237465606,neg_ir,neg,yes
1748,1410479239296602113,neut,neut,no
1749,1460166367517237252,neut,neut,no
1750,1378766931256348672,pos,pos,no
1751,1395082865931694081,neut,neut,no
1752,1461685947129606144,neg_ir,neg,yes
1753,1427629217311821825,neut,neut,no
1754,1356925731536842755,neg,neg,no
1755,1375435742747496448,neut,neut,no
1756,1346053985027948545,neut,neut,no
1757,1412213015076818953,neg,neg,no
1758,1420048494467895304,neut,neut,no
1759,1442151088652685312,neut,neut,no
1760,1445829130847621123,neg,neg,no
1761,1351566730481565697,neut,neut,no
1762,1382105466398982144,neg_ir,neg,yes
1763,1387039766219091972,neg,neg,no
1764,1375028093220487169,neg,neg,no
1765,1379054468315148290,neut,neut,no
1766,1414964834979000323,neut,neut,no
1767,1371793026620792837,neg,neg,no
1768,1447780885995167745,neg_ir,neg,yes
1769,1398342941110898695,neut,neut,no
1770,1471805413515571206,neg,neg,no
1771,1378935438157742081,neut,neut,no
1772,1456684200229232640,neut,neut,no
1773,1453340494159912963,neg,neg,no
1774,1388479867944112130,neut,neut,no
1775,1465231659649974280,neut,neut,no
1776,1435552733524811784,neut,neut,no
1777,1374264593648906244,neg,neg,no
1778,1463615969130131464,neg,neg,no
1779,1415935332378370051,neut,neut,no
1780,1380535361336717315,neg,neg,no
1781,1437716049781215233,neg,neg,no
1782,1349077585570000896,neg_ir,neg,yes
1783,1360255668243079169,neg_ir,neg,yes
1784,1431586851295535107,neg_ir,neg,yes
1785,1471489554305536015,neg,neg,no
1786,1346531738118467585,pos_ir,pos,yes
1787,1416634795052855298,neg_ir,neg,yes
1788,1374331796091994117,neg_ir,neg,yes
1789,1380224188657635330,neg,neg,no
1790,1382627919181324290,neut,neut,no
1791,1433450012856434688,neg,neg,no
1792,1376508748840198146,neg,neg,no
1793,1444987920910258181,pos_ir,pos,yes
1794,1366385812959551494,neut,neut,no
1795,1451957122598588424,neut,neut,no
1796,1425747490704404481,neg_ir,neg,yes
1797,1362365839463358469,neut,neut,no
1798,1423282680037220361,neg,neg,no
1799,1390573693546508291,neut,neut,no
1800,1401774683880660992,pos,pos,no
1801,1379883553434050566,pos,pos,no
1802,1442830930222198787,neg,neg,no
1803,1408043724072947717,neg,neg,no
1804,1417120481417834500,neut,neut,no
1805,1441318456226246666,neg,neg,no
1806,1410713994411773952,neg_ir,neg,yes
1807,1412044081593733125,neut,neut,no
1808,1371729584727687169,neut,neut,no
1809,1391718564558774284,neg_ir,neg,yes
1810,1475886494124498956,neg_ir,neg,yes
1811,1425381614348120065,pos_ir,pos,yes
1812,1384420158429712384,pos,pos,no
1813,1457302153224151041,neut,neut,no
1814,1458519091355033604,neg,neg,no
1815,1376785554818404352,neut,neut,no
1816,1405878533046611971,neg,neg,no
1817,1369604723188326408,neg,neg,no
1818,1382258524705656832,neg,neg,no
1819,1399699643618017280,neg,neg,no
1820,1444247076481740800,neut,neut,no
1821,1400346005762199553,neut,neut,no
1822,1439585835792359425,neg_ir,neg,yes
1823,1376559786653847559,neut,neut,no
1824,1346490277708640260,neut,neut,no
1825,1460291597401301004,neut,neut,no
1826,1458154537861226497,neg_ir,neg,yes
1827,1472303905019252742,pos,pos,no
1828,1472851300173946893,neg_ir,neg,yes
1829,1360985949916848130,neg_ir,neg,yes
1830,1380041677675630598,neg_ir,neg,yes
1831,1423551921382625280,misto,mix,no
1832,1349704878487195651,neg_ir,neg,yes
1833,1376801078990270465,neg_ir,neg,yes
1834,1425079493471911940,neut,neut,no
1835,1470774711034462221,pos,pos,no
1836,1440949060882640900,neut,neut,no
1837,1359473831187013634,neut,neut,no
1838,1391074928343068673,neut,neut,no
1839,1419630938460495874,neg_ir,neg,yes
1840,1377927238922960903,neut,neut,no
1841,1446486771932536837,neut,neut,no
1842,1376520857980375052,neg,neg,no
1843,1408466967808315392,neg,neg,no
1844,1472638694364528645,neut,neut,no
1845,1456556798274584582,neg,neg,no
1846,1408324527466164228,neg,neg,no
1847,1404809251546091529,neg,neg,no
1848,1475564675815415810,neg_ir,neg,yes
1849,1439132508331905026,neut,neut,no
1850,1387344873351749632,pos,pos,no
1851,1400017227215216640,neut,neut,no
1852,1402194040410546176,neg,neg,no
1853,1410683801559306252,neut,neut,no
1854,1384908397305339905,neg,neg,no
1855,1418158982515073024,pos_ir,pos,yes
1856,1346454761122525191,pos_ir,pos,yes
1857,1430523546153807879,neut,neut,no
1858,1393627971555037189,neg_ir,neg,yes
1859,1446069921427955715,neut,neut,no
1860,1367517694489022469,neut,neut,no
1861,1361378898060210178,neut,neut,no
1862,1405141072737603584,neut,neut,no
1863,1451187189602144257,neg_ir,neg,yes
1864,1449315054214582272,neut,neut,no
1865,1349705499747491841,neg,neg,no
1866,1354366924973465610,neut,neut,no
1867,1412679311199453186,neut,neut,no
1868,1368995970973859843,neg,neg,no
1869,1407948313735880707,neg,neg,no
1870,1424094846885797889,neut,neut,no
1871,1370519782953472000,neut,neut,no
1872,1406993468946272265,neut,neut,no
1873,1364841810548252675,neut,neut,no
1874,1416525108714393604,neut,neut,no
1875,1416113325423874048,neut,neut,no
1876,1442521404927320065,neut,neut,no
1877,1417729456353992704,neg,neg,no
1878,1387466001193869315,neg,neg,no
1879,1462011190113144833,neg,neg,no
1880,1416012500143849481,neut,neut,no
1881,1367113552386023430,neg_ir,neg,yes
1882,1425709842023522305,neg_ir,neg,yes
1883,1397612883576598533,neg_ir,neg,yes
1884,1396773722367930372,neut,neut,no
1885,1405131303901618181,neut,neut,no
1886,1469988851930308609,neg_ir,neg,yes
1887,1450002156665311233,neut,neut,no
1888,1453809341895778320,neut,neut,no
1889,1409163017514852356,neg,neg,no
1890,1351455761898098688,neut,neut,no
1891,1440932645853073408,neg_ir,neg,yes
1892,1416666461108686849,neg_ir,neg,yes
1893,1416365403379433479,misto,mix,no
1894,1463405287042387972,neg,neg,no
1895,1347607208146690054,misto,mix,no
1896,1475024276734500867,neut,neut,no
1897,1379363282457403392,pos,pos,no
1898,1398605823031627778,neg_ir,neg,yes
1899,1395703262897180675,pos,pos,no
1900,1400201281906544640,neg,neg,no
1901,1472125082944344066,neut,neut,no
